epoch,time,train/box_loss,train/cls_loss,train/dfl_loss,metrics/precision(B),metrics/recall(B),metrics/mAP50(B),metrics/mAP50-95(B),val/box_loss,val/cls_loss,val/dfl_loss,lr/pg0,lr/pg1,lr/pg2
1,13.604,1.40448,3.42571,1.79529,0.04255,0.68182,0.05351,0.0179,1.88903,43.3841,2.48624,0.00052,0.00052,0.00052
2,29.0587,1.81601,3.54836,2.08636,0.03581,0.22727,0.02302,0.00735,2.78197,3.76289,3.74801,0.0010565,0.0010565,0.0010565
3,43.6344,2.20988,3.78565,2.3426,0.00134,0.36364,0.00143,0.00034,3.5678,5.4688,4.38866,0.00158944,0.00158944,0.00158944
4,58.1462,2.4237,3.67352,2.58565,0.00353,0.09091,0.0013,0.00019,4.06283,40.3201,9.29886,0.0019802,0.0019802,0.0019802
5,72.688,2.78127,3.51489,2.76256,0,0,0,0,nan,nan,nan,0.0019736,0.0019736,0.0019736
6,87.2788,2.7761,3.34393,2.84493,0.00351,0.45455,0.0027,0.0006,nan,nan,nan,0.001967,0.001967,0.001967
7,101.746,2.61602,3.07518,2.86634,0.00575,0.04545,0.00212,0.00063,nan,nan,nan,0.0019604,0.0019604,0.0019604
8,116.132,2.63981,3.09556,2.93602,0,0,0,0,nan,nan,nan,0.0019538,0.0019538,0.0019538
9,130.653,2.54529,3.03902,2.83791,0.0087,0.18182,0.00508,0.00149,nan,nan,nan,0.0019472,0.0019472,0.0019472
10,145.081,2.45728,2.99366,2.89349,0.03704,0.04545,0.01313,0.00196,nan,nan,nan,0.0019406,0.0019406,0.0019406
11,159.541,2.44826,3.00263,2.85549,0.04348,0.04545,0.02273,0.00227,nan,nan,nan,0.001934,0.001934,0.001934
12,173.956,2.51801,2.88696,2.84175,0.03333,0.04545,0.01788,0.00179,0,7.91992,0,0.0019274,0.0019274,0.0019274
13,188.499,2.35215,2.89522,2.81287,0,0,0,0,nan,nan,nan,0.0019208,0.0019208,0.0019208
14,203.006,2.34971,2.98547,2.81058,0.00081,0.09091,0.00047,0.00014,4.94252,211.063,156.62,0.0019142,0.0019142,0.0019142
15,217.487,2.31424,2.9113,2.69905,0.00129,0.18182,0.00119,0.00037,4.69662,12.8456,23.5557,0.0019076,0.0019076,0.0019076
16,231.98,2.30297,2.83126,2.6793,0.0055,0.63636,0.01275,0.0034,2.85912,4.0929,3.87111,0.001901,0.001901,0.001901
17,246.446,2.29159,2.86461,2.68259,0.00639,0.77273,0.03107,0.00766,2.84125,3.48331,3.45665,0.0018944,0.0018944,0.0018944
18,260.881,2.15528,2.85176,2.54461,0.03375,0.22727,0.0497,0.0139,3.29717,3.52874,4.32761,0.0018878,0.0018878,0.0018878
19,275.42,2.23724,2.80102,2.57195,0.02909,0.18182,0.07068,0.03319,3.20333,3.46282,3.92865,0.0018812,0.0018812,0.0018812
20,290.758,2.10338,2.72023,2.44092,0.03061,0.22727,0.01948,0.00486,3.32674,3.54732,4.02921,0.0018746,0.0018746,0.0018746
21,305.166,2.18106,2.67713,2.51332,0.22999,0.18182,0.15145,0.03254,2.13794,2.4957,2.89099,0.001868,0.001868,0.001868
22,320.574,2.05887,2.6539,2.39181,0.23283,0.22727,0.11986,0.02835,1.8922,1.92326,2.43444,0.0018614,0.0018614,0.0018614
23,335.091,2.04385,2.61754,2.41333,0.14348,0.18182,0.06551,0.01889,1.96866,2.23712,2.51087,0.0018548,0.0018548,0.0018548
24,349.538,2.05573,2.60235,2.40136,0.18161,0.05116,0.10077,0.01928,2.98488,3.00448,3.25937,0.0018482,0.0018482,0.0018482
25,364.065,1.95304,2.59786,2.34658,0.03495,0.09091,0.00893,0.00301,1.2265,1.81024,1.44099,0.0018416,0.0018416,0.0018416
26,378.559,1.99382,2.56722,2.36919,0.003,0.13636,0.00155,0.00055,3.0788,20.6555,4.34911,0.001835,0.001835,0.001835
27,393.185,2.00986,2.48101,2.37998,0.00093,0.22727,0.0006,0.00027,3.73659,inf,8.36219,0.0018284,0.0018284,0.0018284
28,407.661,2.02485,2.53251,2.34341,0.00084,0.18182,0.00061,0.00021,4.17459,1436.24,6.78453,0.0018218,0.0018218,0.0018218
29,422.109,1.98761,2.46743,2.30709,0.00132,0.18182,0.0011,0.00047,3.59478,267.1,6.24162,0.0018152,0.0018152,0.0018152
30,436.684,2.00249,2.44517,2.33075,0.15059,0.36364,0.1765,0.04838,2.44494,3.24312,3.01727,0.0018086,0.0018086,0.0018086
31,451.908,1.87894,2.27931,2.21394,0.31803,0.18182,0.17198,0.05384,2.14279,2.82807,2.66521,0.001802,0.001802,0.001802
32,467.192,1.97308,2.46023,2.27998,0.35194,0.22727,0.18558,0.07522,2.12955,2.74743,2.74906,0.0017954,0.0017954,0.0017954
33,482.701,1.8479,2.34534,2.21419,0.33988,0.31818,0.24146,0.06599,2.29433,3.1467,3.09045,0.0017888,0.0017888,0.0017888
34,497.21,1.95085,2.42354,2.27002,0.15488,0.54545,0.17705,0.05338,2.093,2.92561,2.7112,0.0017822,0.0017822,0.0017822
35,511.647,1.83865,2.25204,2.17819,0.18924,0.40909,0.17841,0.06755,1.83272,2.72229,2.59041,0.0017756,0.0017756,0.0017756
36,526.181,1.86772,2.23385,2.1962,0.26814,0.59091,0.24336,0.07386,1.78987,2.64932,2.42644,0.001769,0.001769,0.001769
37,541.719,1.86908,2.3946,2.17715,0.25067,0.22727,0.13558,0.04301,2.17606,3.51283,2.87383,0.0017624,0.0017624,0.0017624
38,556.181,1.75055,2.21284,2.09296,0.32461,0.22727,0.23059,0.08358,2.10117,2.9252,2.71618,0.0017558,0.0017558,0.0017558
39,571.545,1.80231,2.18256,2.09065,0.32399,0.36364,0.22526,0.08546,2.03633,2.42613,2.62781,0.0017492,0.0017492,0.0017492
40,587.12,1.77186,2.26563,2.09907,0.16188,0.27273,0.22266,0.0973,2.12513,2.29979,2.67501,0.0017426,0.0017426,0.0017426
41,602.609,1.88152,2.25456,2.18562,0.24319,0.36364,0.23102,0.09718,1.9542,2.51417,2.57785,0.001736,0.001736,0.001736
42,617.995,1.80537,2.10675,2.12129,0.43859,0.18182,0.24128,0.1111,1.9063,2.55571,2.48507,0.0017294,0.0017294,0.0017294
43,633.266,1.69173,2.18561,2.08098,0.24017,0.22727,0.17862,0.05903,1.91835,3.3665,2.4789,0.0017228,0.0017228,0.0017228
44,647.773,1.69794,2.06394,2.04847,0.18839,0.40909,0.20951,0.09561,1.9841,2.73129,2.62539,0.0017162,0.0017162,0.0017162
45,662.241,1.78133,2.07207,2.11606,0.23895,0.31818,0.2392,0.07859,1.98887,3.19366,2.62985,0.0017096,0.0017096,0.0017096
46,676.726,1.74545,2.09568,2.03267,0.21789,0.45455,0.2262,0.0996,1.95251,2.67051,2.56517,0.001703,0.001703,0.001703
47,691.206,1.7462,2.09646,2.07459,0.11304,0.60257,0.08627,0.03001,2.05268,4.201,2.69221,0.0016964,0.0016964,0.0016964
48,705.692,1.71184,2.05867,2.09336,0.12314,0.27273,0.10041,0.03468,2.06844,3.44723,2.7149,0.0016898,0.0016898,0.0016898
49,720.127,1.75846,2.12505,2.0567,0.20567,0.40909,0.18322,0.07778,1.90685,2.62613,2.58702,0.0016832,0.0016832,0.0016832
50,734.616,1.71613,2.07295,2.03933,0.22435,0.40909,0.21235,0.09897,1.9966,2.70248,2.63748,0.0016766,0.0016766,0.0016766
51,749.101,1.66911,2.01353,1.98103,0.50897,0.54545,0.4019,0.15999,1.89863,2.37464,2.46532,0.00167,0.00167,0.00167
52,764.737,1.48484,1.84737,1.80906,0.47952,0.54446,0.47454,0.1989,1.89126,2.08909,2.42579,0.0016634,0.0016634,0.0016634
53,780.022,1.57841,1.92208,1.89907,0.45888,0.50114,0.47992,0.22785,1.69733,2.07466,2.26452,0.0016568,0.0016568,0.0016568
54,795.375,1.62858,2.05132,1.94575,0.39001,0.54545,0.45099,0.20778,1.66815,1.97265,2.23226,0.0016502,0.0016502,0.0016502
55,809.883,1.56116,2.02099,1.9331,0.50384,0.46187,0.60608,0.23809,1.72368,1.79612,2.20076,0.0016436,0.0016436,0.0016436
56,825.427,1.53204,1.93254,1.87133,0.42952,0.61638,0.50288,0.21199,1.6902,1.92716,2.22022,0.001637,0.001637,0.001637
57,839.839,1.53958,1.88749,1.90648,0.47148,0.54545,0.51414,0.20526,1.80932,1.92049,2.38434,0.0016304,0.0016304,0.0016304
58,854.315,1.6175,1.84202,1.95468,0.46509,0.63246,0.53607,0.21003,1.8199,1.77847,2.42264,0.0016238,0.0016238,0.0016238
59,868.877,1.613,1.8878,1.91589,0.61702,0.40909,0.48962,0.21016,1.81121,1.79729,2.37488,0.0016172,0.0016172,0.0016172
60,883.358,1.61934,1.92446,1.95967,0.42799,0.59091,0.45925,0.1772,1.83444,2.35166,2.39651,0.0016106,0.0016106,0.0016106
61,897.79,1.59481,1.81378,1.91212,0.52368,0.54545,0.50647,0.1877,1.88883,2.33662,2.45975,0.001604,0.001604,0.001604
62,912.303,1.57325,1.79402,1.8975,0.63657,0.72727,0.59434,0.23688,1.81645,1.68428,2.29334,0.0015974,0.0015974,0.0015974
63,926.749,1.60124,1.9141,1.94659,0.519,0.77273,0.54662,0.25512,1.75076,1.71039,2.20539,0.0015908,0.0015908,0.0015908
64,942.379,1.64256,1.91054,1.97645,0.60077,0.68409,0.69487,0.31473,1.51311,1.64309,2.01337,0.0015842,0.0015842,0.0015842
65,957.722,1.71098,1.95058,2.04271,0.70065,0.72727,0.7317,0.32272,1.60341,1.59538,2.09571,0.0015776,0.0015776,0.0015776
66,973.02,1.57468,1.90964,1.92532,0.6215,0.74678,0.71843,0.3322,1.66854,1.6481,2.14371,0.001571,0.001571,0.001571
67,988.518,1.63501,1.89404,1.93112,0.58733,0.68182,0.65489,0.28754,1.61929,2.19043,2.26108,0.0015644,0.0015644,0.0015644
68,1003,1.44983,1.71474,1.79719,0.39579,0.74465,0.48831,0.2075,1.63695,2.91962,2.31746,0.0015578,0.0015578,0.0015578
69,1017.48,1.55929,1.81352,1.87849,0.30651,0.68308,0.36886,0.17744,1.7924,3.53573,2.63586,0.0015512,0.0015512,0.0015512
70,1031.97,1.52039,1.84572,1.91021,0.38496,0.5,0.35691,0.17069,1.90236,2.8155,2.69978,0.0015446,0.0015446,0.0015446
71,1046.39,1.53566,1.93319,1.83157,0.36803,0.50303,0.38993,0.19516,1.94401,2.58023,2.7371,0.001538,0.001538,0.001538
72,1060.95,1.56064,1.77295,1.9264,0.58079,0.59091,0.58715,0.28443,1.6291,1.90942,2.26043,0.0015314,0.0015314,0.0015314
73,1075.4,1.46476,1.65643,1.80717,0.73289,0.40909,0.54685,0.25539,1.76266,1.83664,2.36927,0.0015248,0.0015248,0.0015248
74,1089.89,1.4555,1.61282,1.78947,0.44649,0.68182,0.5271,0.2596,1.81302,1.81571,2.43776,0.0015182,0.0015182,0.0015182
75,1104.31,1.52461,1.78992,1.86882,0.64164,0.54545,0.56431,0.30763,1.80784,1.72918,2.47017,0.0015116,0.0015116,0.0015116
76,1118.85,1.47239,1.7094,1.8082,0.69186,0.68182,0.69989,0.30381,1.86843,1.81574,2.49072,0.001505,0.001505,0.001505
77,1133.29,1.52781,1.7355,1.84798,0.92746,0.58169,0.75754,0.35263,1.85649,1.71999,2.49527,0.0014984,0.0014984,0.0014984
78,1148.74,1.47884,1.62991,1.79453,0.85389,0.53201,0.70051,0.36802,1.84967,1.71426,2.57595,0.0014918,0.0014918,0.0014918
79,1164.13,1.53855,1.60753,1.8655,0.60081,0.72727,0.66326,0.33942,2.00774,1.87878,2.63948,0.0014852,0.0014852,0.0014852
80,1178.61,1.54548,1.73981,1.85831,0.57848,0.59091,0.55996,0.2909,1.89213,1.95952,2.59675,0.0014786,0.0014786,0.0014786
81,1193.01,1.55198,1.61088,1.83539,0.68391,0.5,0.5052,0.25646,1.95787,2.04496,2.60178,0.001472,0.001472,0.001472
82,1207.51,1.51646,1.68796,1.78918,0.53846,0.59091,0.53957,0.25049,1.82861,2.02937,2.4217,0.0014654,0.0014654,0.0014654
83,1222.06,1.49758,1.76934,1.8389,0.51633,0.63636,0.47597,0.22157,1.70521,2.30939,2.37324,0.0014588,0.0014588,0.0014588
84,1236.6,1.4682,1.64767,1.82495,0.64966,0.6746,0.60325,0.28671,1.65866,2.00273,2.32931,0.0014522,0.0014522,0.0014522
85,1251.07,1.44911,1.63119,1.81144,0.79639,0.59091,0.66684,0.30107,1.80283,1.98351,2.49481,0.0014456,0.0014456,0.0014456
86,1265.72,1.51545,1.72809,1.88102,0.62712,0.59091,0.60483,0.28147,1.71097,2.23127,2.3346,0.001439,0.001439,0.001439
87,1280.17,1.49183,1.72736,1.79112,0.52465,0.54545,0.53475,0.2571,1.70915,2.26532,2.3304,0.0014324,0.0014324,0.0014324
88,1294.65,1.43436,1.69193,1.81092,0.61806,0.45455,0.52586,0.27427,1.78075,2.18713,2.36022,0.0014258,0.0014258,0.0014258
89,1309.09,1.44816,1.60866,1.76967,0.69461,0.54545,0.55168,0.29088,1.84348,2.02139,2.34974,0.0014192,0.0014192,0.0014192
90,1323.64,1.39253,1.66194,1.70634,0.62619,0.53349,0.59031,0.27603,1.88808,2.02556,2.36464,0.0014126,0.0014126,0.0014126
91,1338.05,1.39353,1.57298,1.71385,0.57004,0.54545,0.54043,0.25047,1.87334,2.01111,2.38582,0.001406,0.001406,0.001406
92,1352.7,1.39527,1.57837,1.7614,0.56431,0.68182,0.59937,0.26017,1.77876,2.40753,2.28377,0.0013994,0.0013994,0.0013994
93,1367.2,1.44055,1.65458,1.7607,0.66514,0.63219,0.55101,0.29091,1.63374,2.70861,2.24519,0.0013928,0.0013928,0.0013928
94,1381.68,1.35704,1.5,1.67396,0.60765,0.59091,0.5339,0.2966,1.62277,2.58036,2.24901,0.0013862,0.0013862,0.0013862
95,1396.11,1.40933,1.65312,1.74625,0.53485,0.59091,0.55646,0.30253,1.65381,2.4642,2.28413,0.0013796,0.0013796,0.0013796
96,1410.67,1.34212,1.60828,1.71504,0.61213,0.54545,0.57186,0.30014,1.87052,2.14192,2.56025,0.001373,0.001373,0.001373
97,1425.13,1.46269,1.68305,1.8288,0.53456,0.63636,0.51811,0.25355,1.94874,2.06084,2.76983,0.0013664,0.0013664,0.0013664
98,1439.63,1.35972,1.63743,1.69321,0.58965,0.6536,0.59499,0.30568,1.83865,1.86946,2.58199,0.0013598,0.0013598,0.0013598
99,1454.12,1.25312,1.43757,1.59781,0.58325,0.70017,0.55045,0.31802,1.75669,1.80929,2.4887,0.0013532,0.0013532,0.0013532
100,1468.7,1.3472,1.52038,1.68314,0.53718,0.7389,0.61061,0.32812,1.81723,1.97217,2.39523,0.0013466,0.0013466,0.0013466
101,1483.1,1.31475,1.48097,1.63369,0.65425,0.68182,0.69486,0.37729,1.75598,1.86295,2.29944,0.00134,0.00134,0.00134
102,1498.69,1.41494,1.50405,1.73636,0.66589,0.81818,0.73107,0.4211,1.61471,1.62084,2.15159,0.0013334,0.0013334,0.0013334
103,1514.15,1.29954,1.53613,1.61617,0.65252,0.68289,0.80261,0.42952,1.55892,1.44634,2.13166,0.0013268,0.0013268,0.0013268
104,1529.69,1.33886,1.48275,1.64198,0.787,0.86364,0.87578,0.43775,1.50204,1.38604,1.99311,0.0013202,0.0013202,0.0013202
105,1545.16,1.28378,1.45597,1.60243,0.76583,0.77273,0.86858,0.46031,1.4387,1.35754,1.92861,0.0013136,0.0013136,0.0013136
106,1560.53,1.24711,1.421,1.59538,0.77877,0.81818,0.86431,0.43749,1.55238,1.38524,2.00583,0.001307,0.001307,0.001307
107,1575.07,1.22796,1.41813,1.58723,0.59903,0.72727,0.6983,0.39313,1.71758,1.53922,2.38758,0.0013004,0.0013004,0.0013004
108,1589.55,1.21967,1.40206,1.6031,0.61159,0.68182,0.6612,0.35903,1.74151,1.85707,2.48154,0.0012938,0.0012938,0.0012938
109,1604.01,1.17338,1.46301,1.54226,0.46505,0.71159,0.61165,0.31855,1.80544,2.00466,2.47484,0.0012872,0.0012872,0.0012872
110,1618.55,1.20452,1.34255,1.57982,0.5466,0.5,0.51506,0.2816,1.83227,2.14423,2.52237,0.0012806,0.0012806,0.0012806
111,1633.08,1.28054,1.42932,1.63223,0.55745,0.63636,0.61385,0.33535,1.82655,1.84029,2.42229,0.001274,0.001274,0.001274
112,1647.58,1.31565,1.49313,1.68444,0.56226,0.52601,0.54281,0.30581,1.76812,1.85802,2.32421,0.0012674,0.0012674,0.0012674
113,1662.01,1.21777,1.43044,1.58463,0.48307,0.63636,0.5675,0.32999,1.79625,1.7249,2.29238,0.0012608,0.0012608,0.0012608
114,1676.67,1.225,1.32175,1.58893,0.6022,0.81818,0.69898,0.36463,1.67559,1.55114,2.27925,0.0012542,0.0012542,0.0012542
115,1691.13,1.38231,1.48904,1.7589,0.64305,0.86364,0.68713,0.3667,1.56069,1.52314,2.16894,0.0012476,0.0012476,0.0012476
116,1705.66,1.24226,1.31759,1.63149,0.78664,0.83842,0.80654,0.41517,1.54223,1.4234,2.12193,0.001241,0.001241,0.001241
117,1720.06,1.25132,1.408,1.67138,0.76074,0.81818,0.83789,0.46276,1.53049,1.29877,2.12259,0.0012344,0.0012344,0.0012344
118,1734.66,1.21191,1.29592,1.59776,0.82539,0.77273,0.85039,0.50436,1.498,1.31262,2.0665,0.0012278,0.0012278,0.0012278
119,1750.16,1.19936,1.30053,1.53638,0.87934,0.66318,0.74716,0.45447,1.55601,1.39823,2.10757,0.0012212,0.0012212,0.0012212
120,1764.66,1.28251,1.334,1.65807,0.81257,0.68182,0.72766,0.44599,1.65243,1.5395,2.2353,0.0012146,0.0012146,0.0012146
121,1779.12,1.22223,1.33205,1.57284,0.76799,0.60233,0.7207,0.40766,1.60605,1.52456,2.20069,0.001208,0.001208,0.001208
122,1793.6,1.20802,1.28717,1.57288,0.57444,0.73653,0.73043,0.40359,1.76868,1.51644,2.31335,0.0012014,0.0012014,0.0012014
123,1808.07,1.21519,1.25062,1.57542,0.67132,0.63636,0.69055,0.37742,1.69932,1.519,2.19918,0.0011948,0.0011948,0.0011948
124,1822.57,1.27958,1.33807,1.64976,0.64843,0.81818,0.73097,0.3904,1.66252,1.39445,2.10219,0.0011882,0.0011882,0.0011882
125,1837.1,1.21392,1.2845,1.49889,0.59452,0.72727,0.71406,0.4188,1.62027,1.27115,2.14104,0.0011816,0.0011816,0.0011816
126,1851.64,1.17906,1.1988,1.51174,0.60537,0.69769,0.72471,0.41414,1.65943,1.45412,2.24202,0.001175,0.001175,0.001175
127,1866.06,1.22014,1.29307,1.5982,0.73231,0.63636,0.71181,0.37942,1.84569,1.36411,2.63187,0.0011684,0.0011684,0.0011684
128,1880.61,1.31525,1.31746,1.63723,0.61715,0.68182,0.67728,0.36034,1.78781,1.54191,2.51516,0.0011618,0.0011618,0.0011618
129,1895.06,1.24381,1.31194,1.57897,0.61311,0.77273,0.72132,0.41189,1.79831,1.45566,2.46008,0.0011552,0.0011552,0.0011552
130,1909.6,1.22891,1.25551,1.57932,0.70893,0.66477,0.67041,0.41206,1.66808,1.56784,2.30294,0.0011486,0.0011486,0.0011486
131,1924.08,1.16181,1.22245,1.5025,0.62299,0.60126,0.62774,0.36354,1.64239,1.58648,2.2774,0.001142,0.001142,0.001142
132,1938.66,1.22815,1.31245,1.53384,0.59259,0.77273,0.72435,0.39579,1.52786,1.67731,2.13536,0.0011354,0.0011354,0.0011354
133,1953.14,1.19412,1.23938,1.57428,0.63257,0.68182,0.77226,0.41398,1.6018,1.62556,2.19981,0.0011288,0.0011288,0.0011288
134,1967.67,1.14499,1.23135,1.51373,0.61117,0.78626,0.75675,0.39861,1.58884,1.62741,2.09377,0.0011222,0.0011222,0.0011222
135,1982.18,1.20757,1.27915,1.52743,0.75964,0.72727,0.74718,0.4392,1.57163,1.56494,1.99291,0.0011156,0.0011156,0.0011156
136,1996.68,1.13829,1.23097,1.5322,0.8823,0.68146,0.76809,0.44251,1.54479,1.39888,1.94446,0.001109,0.001109,0.001109
137,2011.21,1.14956,1.14941,1.52294,0.83768,0.68182,0.79305,0.48784,1.50641,1.21634,1.9972,0.0011024,0.0011024,0.0011024
138,2025.72,1.13341,1.217,1.49975,0.8399,0.63636,0.70879,0.46428,1.64473,1.42146,2.19956,0.0010958,0.0010958,0.0010958
139,2040.17,1.17302,1.19819,1.56196,0.8222,0.59091,0.67842,0.38407,1.76379,1.62001,2.3908,0.0010892,0.0010892,0.0010892
140,2054.76,1.18196,1.18269,1.50318,0.69365,0.72727,0.65906,0.37288,1.69314,1.64749,2.30385,0.0010826,0.0010826,0.0010826
141,2069.21,1.09893,1.15577,1.47359,0.80452,0.59091,0.66436,0.37842,1.61933,1.5841,2.22383,0.001076,0.001076,0.001076
142,2083.75,1.18574,1.23114,1.61002,0.64865,0.77273,0.68409,0.39639,1.63089,1.6363,2.11888,0.0010694,0.0010694,0.0010694
143,2098.17,1.22644,1.20405,1.55448,0.61449,0.77273,0.68369,0.41646,1.79593,1.57565,2.58631,0.0010628,0.0010628,0.0010628
144,2112.7,1.07579,1.13531,1.4361,0.69232,0.63636,0.66532,0.42331,1.78835,1.45929,2.60914,0.0010562,0.0010562,0.0010562
145,2127.14,1.08609,1.12728,1.42661,0.74205,0.86364,0.81042,0.44522,1.73705,1.37924,2.4723,0.0010496,0.0010496,0.0010496
146,2141.69,1.14088,1.13567,1.48951,0.66868,0.72727,0.70929,0.42462,1.61277,1.40732,2.1347,0.001043,0.001043,0.001043
147,2156.08,1.16992,1.12247,1.55198,0.66623,0.77273,0.66888,0.40541,1.74454,1.3037,2.33564,0.0010364,0.0010364,0.0010364
148,2170.74,1.1639,1.17154,1.56099,0.61987,0.77273,0.68413,0.41266,1.67674,1.33361,2.21512,0.0010298,0.0010298,0.0010298
149,2185.28,1.20578,1.193,1.53704,0.65636,0.77273,0.75828,0.43171,1.51275,1.37037,2.05213,0.0010232,0.0010232,0.0010232
150,2199.77,1.06756,1.08753,1.44807,0.78505,0.83045,0.87033,0.4665,1.45963,1.37692,1.94037,0.0010166,0.0010166,0.0010166
151,2214.17,1.17463,1.14265,1.5771,0.85675,0.81567,0.85506,0.47831,1.46405,1.30695,1.91946,0.00101,0.00101,0.00101
152,2228.66,1.10278,1.0927,1.45886,0.808,0.77273,0.84823,0.47662,1.47653,1.2642,1.97963,0.0010034,0.0010034,0.0010034
153,2243.14,1.11752,1.07108,1.47125,0.8111,0.5858,0.66026,0.38495,1.95282,1.45382,2.61555,0.0009968,0.0009968,0.0009968
154,2257.64,1.16032,1.15256,1.54043,0.71861,0.59091,0.65425,0.36837,1.97042,1.55498,2.65673,0.0009902,0.0009902,0.0009902
155,2272.09,1.06749,1.03241,1.47294,0.7146,0.59091,0.6655,0.3703,1.92967,1.52917,2.59069,0.0009836,0.0009836,0.0009836
156,2286.79,1.07291,1.17842,1.54007,0.86336,0.57511,0.70508,0.38718,1.74986,1.59243,2.37942,0.000977,0.000977,0.000977
157,2301.22,1.11382,1.15312,1.47578,0.72823,0.5,0.60385,0.39044,1.70412,1.51354,2.20962,0.0009704,0.0009704,0.0009704
158,2315.78,0.97116,1.06999,1.37277,0.63045,0.63636,0.67413,0.38956,1.73226,1.57905,2.14003,0.0009638,0.0009638,0.0009638
159,2330.17,1.02615,1.08507,1.43505,0.82181,0.5,0.67884,0.37003,1.81606,1.54029,2.31988,0.0009572,0.0009572,0.0009572
160,2344.74,1.08601,1.14505,1.48722,0.57947,0.68182,0.65084,0.35997,1.8662,1.70149,2.50467,0.0009506,0.0009506,0.0009506
161,2359.12,1.01896,1.10046,1.39672,0.73922,0.63636,0.70149,0.3774,1.91866,1.35308,2.56185,0.000944,0.000944,0.000944
162,2373.61,1.13205,1.08326,1.50533,0.7822,0.65355,0.72168,0.377,1.91535,1.27938,2.53353,0.0009374,0.0009374,0.0009374
163,2388.15,1.10788,1.06969,1.50531,0.72233,0.70999,0.69302,0.39704,1.84723,1.35675,2.3786,0.0009308,0.0009308,0.0009308
164,2402.71,1.14179,1.08207,1.51435,0.57948,0.72727,0.67481,0.37071,1.90008,1.36967,2.53381,0.0009242,0.0009242,0.0009242
165,2417.15,1.10419,1.11265,1.49645,0.67432,0.63636,0.6794,0.36987,1.79197,1.36489,2.37978,0.0009176,0.0009176,0.0009176
166,2431.64,1.07768,1.02972,1.43378,0.67466,0.72727,0.69987,0.39889,1.71462,1.382,2.2732,0.000911,0.000911,0.000911
167,2446.1,1.17598,1.15705,1.50522,0.69534,0.68182,0.79871,0.45577,1.41219,1.44606,1.94589,0.0009044,0.0009044,0.0009044
168,2460.61,0.95352,0.95383,1.37095,0.81663,0.68182,0.81954,0.44568,1.39927,1.37616,1.97132,0.0008978,0.0008978,0.0008978
169,2475.03,1.07431,1.04928,1.49379,0.79868,0.68182,0.81115,0.44286,1.37832,1.44259,1.95489,0.0008912,0.0008912,0.0008912
170,2489.62,1.00264,1.01451,1.37124,0.69523,0.77273,0.71529,0.41195,1.43507,1.46803,2.0444,0.0008846,0.0008846,0.0008846
171,2504.1,1.0515,1.11647,1.43084,0.63946,0.72563,0.64893,0.38114,1.5764,1.46832,2.15911,0.000878,0.000878,0.000878
172,2518.65,1.05351,1.03495,1.45104,0.55688,0.72727,0.61125,0.35537,1.69319,1.52675,2.17738,0.0008714,0.0008714,0.0008714
173,2533.04,1.02679,1.08627,1.43102,0.54114,0.81818,0.67891,0.38787,1.6449,1.56517,2.08527,0.0008648,0.0008648,0.0008648
174,2547.6,1.02682,0.97903,1.41551,0.75531,0.59091,0.70387,0.44279,1.48802,1.43163,2.00174,0.0008582,0.0008582,0.0008582
175,2562.05,1.0443,1.01037,1.4645,0.84027,0.59091,0.77572,0.46518,1.48382,1.34857,1.99958,0.0008516,0.0008516,0.0008516
176,2576.55,0.95675,0.91803,1.35785,0.83063,0.63636,0.76587,0.47311,1.42032,1.32371,1.98089,0.000845,0.000845,0.000845
177,2591.02,0.99568,1.06941,1.40233,0.78654,0.68182,0.76608,0.46852,1.38635,1.28199,1.99336,0.0008384,0.0008384,0.0008384
178,2605.69,0.90306,0.97586,1.32693,0.53153,0.77361,0.68275,0.45261,1.47902,1.26899,2.1034,0.0008318,0.0008318,0.0008318
179,2620.18,0.93543,0.99854,1.35156,0.56145,0.81818,0.65983,0.43426,1.44099,1.36354,2.11359,0.0008252,0.0008252,0.0008252
180,2634.68,0.92112,0.96669,1.32503,0.71491,0.54545,0.61597,0.39544,1.52199,1.55552,2.27744,0.0008186,0.0008186,0.0008186
181,2649.25,1.06525,1.0729,1.5108,0.61809,0.5,0.59364,0.36409,1.79697,1.54673,2.67453,0.000812,0.000812,0.000812
182,2663.76,0.95063,0.9719,1.34065,0.49127,0.61493,0.60829,0.33616,1.83119,1.48986,2.75301,0.0008054,0.0008054,0.0008054
183,2678.19,0.97188,0.99558,1.37836,0.52726,0.60877,0.61447,0.3423,1.78276,1.50587,2.70044,0.0007988,0.0007988,0.0007988
184,2692.89,1.05706,1.10261,1.42783,0.65575,0.5,0.60102,0.3477,1.77434,1.64031,2.51907,0.0007922,0.0007922,0.0007922
185,2707.29,0.97648,0.95635,1.40014,0.72001,0.54545,0.67299,0.38976,1.72462,1.42007,2.37198,0.0007856,0.0007856,0.0007856
186,2721.79,0.99253,1.00865,1.4176,0.68677,0.72727,0.73619,0.42798,1.60296,1.31557,2.18781,0.000779,0.000779,0.000779
187,2736.25,0.94303,0.99673,1.33681,0.75282,0.72727,0.76373,0.44025,1.59761,1.39196,2.19528,0.0007724,0.0007724,0.0007724
188,2750.8,0.93402,0.88398,1.3272,0.696,0.63636,0.72186,0.44081,1.66093,1.32797,2.45629,0.0007658,0.0007658,0.0007658
189,2765.23,0.98604,0.95386,1.40272,0.86433,0.57977,0.71101,0.42414,1.74424,1.58848,2.52487,0.0007592,0.0007592,0.0007592
190,2779.78,0.90592,0.91917,1.33234,0.70362,0.63636,0.69048,0.39626,1.82518,1.78514,2.69231,0.0007526,0.0007526,0.0007526
191,2794.27,0.93399,1.02593,1.3401,0.64639,0.63636,0.65042,0.39178,1.72424,1.73996,2.64909,0.000746,0.000746,0.000746
192,2808.77,0.99823,1.0383,1.42273,0.72778,0.60818,0.65328,0.38592,1.76222,1.56932,2.63472,0.0007394,0.0007394,0.0007394
193,2823.2,0.92075,0.99757,1.36822,0.69921,0.68182,0.67892,0.41143,1.66155,1.44856,2.38612,0.0007328,0.0007328,0.0007328
194,2837.72,0.90939,0.97362,1.31911,0.6733,0.72727,0.68424,0.42106,1.66786,1.49637,2.43121,0.0007262,0.0007262,0.0007262
195,2852.24,0.94247,0.94099,1.35987,0.74324,0.63636,0.67608,0.37895,1.67824,1.69722,2.30314,0.0007196,0.0007196,0.0007196
196,2866.81,0.92804,1.00064,1.36278,0.65291,0.68182,0.66213,0.36477,1.73236,1.68493,2.24789,0.000713,0.000713,0.000713
197,2881.21,0.88976,0.9364,1.30067,0.82747,0.72727,0.75274,0.40529,1.6751,1.65767,2.19745,0.0007064,0.0007064,0.0007064
198,2895.74,0.91902,0.93393,1.37197,0.70033,0.77273,0.71326,0.44473,1.64431,1.51541,2.36013,0.0006998,0.0006998,0.0006998
199,2910.13,0.91125,0.98521,1.35234,0.75935,0.71751,0.69447,0.44204,1.63743,1.44617,2.39376,0.0006932,0.0006932,0.0006932
200,2924.66,0.92679,0.93736,1.33137,0.69298,0.72727,0.68546,0.42902,1.69605,1.25684,2.52279,0.0006866,0.0006866,0.0006866
201,2939.09,0.92895,0.94168,1.40569,0.70327,0.75456,0.70481,0.43565,1.77143,1.18909,2.51907,0.00068,0.00068,0.00068
202,2953.66,0.96245,0.9632,1.39178,0.65083,0.77273,0.70949,0.40533,1.82141,1.28309,2.4895,0.0006734,0.0006734,0.0006734
203,2968.11,0.884,0.86115,1.30383,0.59461,0.73358,0.68702,0.38227,1.81885,1.3264,2.44006,0.0006668,0.0006668,0.0006668
204,2982.68,0.85517,0.91749,1.3036,0.5643,0.77273,0.68246,0.39189,1.70942,1.3116,2.28695,0.0006602,0.0006602,0.0006602
205,2997.24,0.90153,0.91784,1.31492,0.71732,0.77273,0.74819,0.46064,1.49544,1.34324,2.04766,0.0006536,0.0006536,0.0006536
206,3011.77,0.83913,0.80299,1.26328,0.68163,0.90909,0.73953,0.43399,1.50471,1.43775,2.01552,0.000647,0.000647,0.000647
207,3026.2,0.9072,0.87921,1.29809,0.75554,0.81818,0.77458,0.45238,1.58184,1.41636,2.15301,0.0006404,0.0006404,0.0006404
208,3040.72,0.9384,0.9215,1.43321,0.76176,0.86364,0.7835,0.46608,1.56057,1.44474,2.12974,0.0006338,0.0006338,0.0006338
209,3055.21,0.75055,0.75959,1.18987,0.69456,0.82717,0.78746,0.47186,1.44448,1.36957,2.11929,0.0006272,0.0006272,0.0006272
210,3069.76,0.8668,0.80164,1.27543,0.6774,0.81818,0.77806,0.46928,1.49047,1.22842,2.21887,0.0006206,0.0006206,0.0006206
211,3084.26,0.89254,0.85733,1.31621,0.84017,0.63636,0.74391,0.43746,1.60045,1.19279,2.34834,0.000614,0.000614,0.000614
212,3098.9,0.81657,0.84362,1.26087,0.83011,0.59091,0.7,0.42118,1.6399,1.35623,2.2907,0.0006074,0.0006074,0.0006074
213,3113.39,0.92452,0.99369,1.33194,0.79927,0.59091,0.68172,0.40256,1.73143,1.36328,2.37646,0.0006008,0.0006008,0.0006008
214,3127.87,0.87694,0.86132,1.29553,0.76881,0.59091,0.68121,0.39047,1.79454,1.44115,2.44196,0.0005942,0.0005942,0.0005942
215,3142.29,0.83237,0.85548,1.26731,0.83676,0.59091,0.70553,0.40882,1.80497,1.44829,2.47676,0.0005876,0.0005876,0.0005876
216,3156.85,0.82502,0.7831,1.26665,0.91933,0.72727,0.86544,0.45857,1.5696,1.25775,2.17341,0.000581,0.000581,0.000581
217,3171.27,0.8604,0.81702,1.26624,0.86734,0.89199,0.87365,0.48034,1.45898,1.28565,2.076,0.0005744,0.0005744,0.0005744
218,3185.76,0.82254,0.7912,1.2787,0.90778,0.89537,0.88529,0.5095,1.41526,1.32935,2.00426,0.0005678,0.0005678,0.0005678
219,3201.44,0.88988,0.80279,1.32719,0.87759,0.81818,0.89389,0.50361,1.46447,1.18547,2.00198,0.0005612,0.0005612,0.0005612
220,3215.96,0.8731,0.86622,1.30578,0.8075,0.76306,0.8318,0.49402,1.43751,1.18151,1.97716,0.0005546,0.0005546,0.0005546
221,3230.4,0.79231,0.76485,1.22805,0.89462,0.77184,0.81632,0.51473,1.32847,1.22653,1.87268,0.000548,0.000548,0.000548
222,3244.97,0.83586,0.8711,1.29197,0.7376,0.72727,0.79939,0.49379,1.3697,1.17183,1.93759,0.0005414,0.0005414,0.0005414
223,3259.54,0.80859,0.79886,1.21771,0.58707,0.86364,0.77612,0.48174,1.34872,1.26254,1.90433,0.0005348,0.0005348,0.0005348
224,3274.07,0.88013,0.89895,1.35291,0.75773,0.71134,0.77682,0.48083,1.25501,1.21476,1.85846,0.0005282,0.0005282,0.0005282
225,3288.52,0.83651,0.81087,1.28014,0.62881,0.84737,0.76629,0.45157,1.35279,1.20482,1.96057,0.0005216,0.0005216,0.0005216
226,3303.13,0.82302,0.76597,1.25814,0.6325,0.86062,0.78888,0.44972,1.49794,1.16853,2.12277,0.000515,0.000515,0.000515
227,3317.53,0.84334,0.78708,1.28072,0.66863,0.95455,0.83687,0.44142,1.50537,1.21177,2.12821,0.0005084,0.0005084,0.0005084
228,3332.05,0.83447,0.80934,1.30397,0.77051,0.77273,0.83562,0.42601,1.52099,1.24577,2.17176,0.0005018,0.0005018,0.0005018
229,3346.53,0.82474,0.83468,1.30515,0.79523,0.77273,0.84491,0.43581,1.51977,1.25169,2.18005,0.0004952,0.0004952,0.0004952
230,3361.08,0.80453,0.79301,1.26055,0.82958,0.66442,0.80773,0.41207,1.51005,1.36737,2.10217,0.0004886,0.0004886,0.0004886
231,3375.61,0.89452,0.84213,1.29812,0.68031,0.68182,0.7644,0.40374,1.54279,1.48136,2.13732,0.000482,0.000482,0.000482
232,3390.14,0.7598,0.76868,1.19509,0.71142,0.77273,0.76333,0.40901,1.53624,1.64057,2.11894,0.0004754,0.0004754,0.0004754
233,3404.63,0.85165,0.77323,1.28447,0.60561,0.76794,0.71602,0.39769,1.5356,1.83752,2.13256,0.0004688,0.0004688,0.0004688
234,3419.17,0.75132,0.73722,1.25893,0.58324,0.77273,0.70489,0.40008,1.50473,1.66374,2.08024,0.0004622,0.0004622,0.0004622
235,3433.58,0.83252,0.79927,1.29051,0.68382,0.6884,0.72368,0.42422,1.48781,1.58278,2.04365,0.0004556,0.0004556,0.0004556
236,3448.04,0.76074,0.71073,1.19447,0.72314,0.59091,0.68758,0.41006,1.49937,1.55633,2.07794,0.000449,0.000449,0.000449
237,3462.52,0.80391,0.77033,1.26554,0.57022,0.72727,0.62233,0.39312,1.5717,1.45495,2.26097,0.0004424,0.0004424,0.0004424
238,3477,0.80726,0.78205,1.26657,0.56363,0.72727,0.64729,0.39908,1.60404,1.4063,2.27084,0.0004358,0.0004358,0.0004358
239,3491.53,0.77535,0.75217,1.26013,0.54416,0.68182,0.63374,0.39495,1.6468,1.36038,2.31357,0.0004292,0.0004292,0.0004292
240,3506.08,0.8054,0.76472,1.24577,0.59851,0.72727,0.68903,0.40571,1.60547,1.23642,2.31717,0.0004226,0.0004226,0.0004226
241,3520.49,0.7814,0.7706,1.25768,0.62596,0.761,0.69302,0.4008,1.60589,1.2191,2.31107,0.000416,0.000416,0.000416
242,3535.05,0.80472,0.81674,1.2612,0.74541,0.72727,0.7132,0.41616,1.56671,1.21659,2.28417,0.0004094,0.0004094,0.0004094
243,3549.47,0.77911,0.76663,1.25048,0.73356,0.72727,0.7125,0.42211,1.59898,1.23493,2.32185,0.0004028,0.0004028,0.0004028
244,3564.01,0.81482,0.81275,1.29765,0.78761,0.68182,0.7141,0.4051,1.53931,1.40806,2.17613,0.0003962,0.0003962,0.0003962
245,3578.47,0.7557,0.78013,1.26428,0.79718,0.71511,0.7225,0.4177,1.56745,1.43229,2.2284,0.0003896,0.0003896,0.0003896
246,3592.99,0.78087,0.74907,1.24196,0.85204,0.72727,0.75114,0.42832,1.60165,1.47576,2.21154,0.000383,0.000383,0.000383
247,3607.5,0.70028,0.68388,1.15943,0.79165,0.77273,0.73882,0.45153,1.63287,1.34545,2.22846,0.0003764,0.0003764,0.0003764
248,3622.06,0.66982,0.72496,1.19178,0.79344,0.77273,0.75115,0.45619,1.52579,1.33441,2.1159,0.0003698,0.0003698,0.0003698
249,3636.5,0.8092,0.7941,1.29996,0.82971,0.77273,0.77407,0.47984,1.43709,1.31796,2.01841,0.0003632,0.0003632,0.0003632
250,3651.01,0.82782,0.80727,1.29786,0.802,0.81818,0.78362,0.49032,1.41326,1.34929,1.94364,0.0003566,0.0003566,0.0003566
251,3665.48,0.75466,0.74052,1.21942,0.75112,0.77273,0.7679,0.47474,1.62518,1.32444,2.11426,0.00035,0.00035,0.00035
252,3679.98,0.73584,0.64915,1.19713,0.72899,0.77273,0.77387,0.467,1.67047,1.2838,2.12321,0.0003434,0.0003434,0.0003434
253,3694.44,0.70766,0.69184,1.20312,0.61945,0.81403,0.72332,0.45386,1.61512,1.40303,2.04235,0.0003368,0.0003368,0.0003368
254,3708.99,0.73474,0.71586,1.2306,0.69384,0.72727,0.76393,0.44261,1.49,1.53286,1.93855,0.0003302,0.0003302,0.0003302
255,3723.43,0.70315,0.70995,1.19699,0.66067,0.72727,0.73574,0.42034,1.45643,1.59938,1.9468,0.0003236,0.0003236,0.0003236
256,3738.01,0.76266,0.77514,1.22716,0.67159,0.68182,0.73219,0.40656,1.45417,1.64011,1.94127,0.000317,0.000317,0.000317
257,3752.41,0.83523,0.72923,1.29682,0.817,0.59091,0.74871,0.42663,1.43852,1.66965,1.93179,0.0003104,0.0003104,0.0003104
258,3767.02,0.71663,0.69342,1.19388,0.84921,0.59091,0.75348,0.4344,1.60234,1.5981,2.11463,0.0003038,0.0003038,0.0003038
259,3781.46,0.69571,0.70317,1.17712,0.72289,0.71192,0.75325,0.43296,1.66423,1.47438,2.26475,0.0002972,0.0002972,0.0002972
260,3795.98,0.68949,0.67625,1.17552,0.73299,0.72727,0.75183,0.43089,1.63319,1.3994,2.30417,0.0002906,0.0002906,0.0002906
261,3810.5,0.69698,0.72124,1.20037,0.79836,0.68182,0.7581,0.43726,1.62311,1.15155,2.38313,0.000284,0.000284,0.000284
262,3825.06,0.65541,0.66303,1.13508,0.84427,0.73976,0.7852,0.45021,1.61041,1.13546,2.38745,0.0002774,0.0002774,0.0002774
263,3839.53,0.7258,0.66593,1.18536,0.81335,0.81818,0.7792,0.44976,1.5674,1.15534,2.37479,0.0002708,0.0002708,0.0002708
264,3854.22,0.67482,0.65469,1.19366,0.76697,0.81818,0.771,0.44297,1.51058,1.2045,2.30063,0.0002642,0.0002642,0.0002642
265,3868.68,0.73824,0.73173,1.21695,0.68601,0.81818,0.7464,0.43472,1.57201,1.27613,2.34483,0.0002576,0.0002576,0.0002576
266,3883.17,0.7298,0.68721,1.21171,0.66707,0.77273,0.72432,0.4418,1.56082,1.30607,2.30752,0.000251,0.000251,0.000251
267,3897.62,0.70919,0.68454,1.20024,0.65311,0.77273,0.71896,0.43296,1.55931,1.33066,2.29356,0.0002444,0.0002444,0.0002444
268,3912.2,0.74703,0.70555,1.23616,0.59211,0.81818,0.7114,0.43102,1.47284,1.33006,2.13414,0.0002378,0.0002378,0.0002378
269,3926.61,0.67421,0.64357,1.14542,0.67683,0.76192,0.73132,0.43305,1.51029,1.37904,2.15995,0.0002312,0.0002312,0.0002312
270,3941.12,0.719,0.67865,1.2155,0.80015,0.59091,0.68574,0.41024,1.53675,1.41235,2.17324,0.0002246,0.0002246,0.0002246
271,3955.55,0.70234,0.69858,1.22347,0.77614,0.63636,0.68564,0.39985,1.56558,1.46588,2.18968,0.000218,0.000218,0.000218
272,3970.29,0.72987,0.71591,1.19655,0.72015,0.63636,0.67303,0.40827,1.47894,1.66213,2.08626,0.0002114,0.0002114,0.0002114
273,3984.89,0.76979,0.69024,1.26263,0.73632,0.63474,0.65442,0.39801,1.52794,1.6796,2.16388,0.0002048,0.0002048,0.0002048
274,3999.42,0.75237,0.73032,1.19799,0.59789,0.77273,0.64279,0.38192,1.57661,1.66203,2.21411,0.0001982,0.0001982,0.0001982
275,4013.91,0.69208,0.66125,1.15022,0.68532,0.63636,0.65715,0.4024,1.56352,1.74232,2.18792,0.0001916,0.0001916,0.0001916
276,4028.4,0.65793,0.64254,1.13752,0.61176,0.68182,0.60593,0.39156,1.61679,1.54291,2.24992,0.000185,0.000185,0.000185
277,4042.83,0.69741,0.66012,1.21315,0.63712,0.72727,0.62566,0.39785,1.63546,1.53156,2.28908,0.0001784,0.0001784,0.0001784
278,4057.39,0.65257,0.68859,1.21155,0.6423,0.72727,0.60244,0.38832,1.6436,1.52916,2.30889,0.0001718,0.0001718,0.0001718
279,4071.91,0.68326,0.70289,1.16309,0.60824,0.70617,0.58714,0.40185,1.62195,1.57841,2.30606,0.0001652,0.0001652,0.0001652
280,4086.47,0.66873,0.71208,1.19782,0.68549,0.72727,0.63973,0.41082,1.61249,1.4968,2.34963,0.0001586,0.0001586,0.0001586
281,4100.92,0.70206,0.69943,1.19586,0.69436,0.77273,0.65615,0.43089,1.61458,1.54602,2.34331,0.000152,0.000152,0.000152
282,4115.56,0.71779,0.72899,1.20835,0.80454,0.81818,0.74278,0.44429,1.57333,1.59917,2.30641,0.0001454,0.0001454,0.0001454
283,4129.98,0.75178,0.7165,1.25298,0.77717,0.81818,0.76016,0.47111,1.55742,1.57812,2.30866,0.0001388,0.0001388,0.0001388
284,4144.46,0.64321,0.64611,1.1375,0.77604,0.81818,0.77383,0.46697,1.56406,1.55776,2.31412,0.0001322,0.0001322,0.0001322
285,4158.92,0.67644,0.67203,1.14638,0.81402,0.81818,0.77873,0.48083,1.56937,1.48445,2.29453,0.0001256,0.0001256,0.0001256
286,4173.47,0.6511,0.65467,1.1558,0.74973,0.81704,0.78366,0.44877,1.60469,1.40816,2.30316,0.000119,0.000119,0.000119
287,4187.9,0.71868,0.71909,1.21405,0.69834,0.77273,0.73829,0.45437,1.62297,1.44223,2.29006,0.0001124,0.0001124,0.0001124
288,4202.47,0.62814,0.61663,1.14768,0.7472,0.72727,0.74173,0.44735,1.64525,1.48906,2.27922,0.0001058,0.0001058,0.0001058
289,4217,0.66295,0.65541,1.16092,0.70519,0.76145,0.72908,0.45133,1.62061,1.50635,2.22834,9.92e-05,9.92e-05,9.92e-05
290,4231.67,0.68039,0.67383,1.20633,0.7461,0.80188,0.7489,0.4273,1.62884,1.50413,2.23295,9.26e-05,9.26e-05,9.26e-05
291,4277.14,0.53914,0.52226,1.04036,0.77555,0.81818,0.75579,0.45018,1.56543,1.53209,2.18062,8.6e-05,8.6e-05,8.6e-05
292,4291.6,0.58547,0.5818,1.10863,0.71761,0.80886,0.71573,0.45084,1.59177,1.52305,2.18634,7.94e-05,7.94e-05,7.94e-05
293,4306.02,0.57573,0.54951,1.10163,0.68861,0.81818,0.72154,0.44139,1.58882,1.50031,2.20162,7.28e-05,7.28e-05,7.28e-05
294,4320.49,0.5382,0.52675,1.10499,0.69121,0.81818,0.71641,0.45445,1.5471,1.46929,2.16228,6.62e-05,6.62e-05,6.62e-05
295,4334.87,0.53213,0.54174,1.07795,0.66573,0.72433,0.67902,0.44694,1.53653,1.4687,2.13854,5.96e-05,5.96e-05,5.96e-05
296,4349.41,0.51584,0.47399,1.0355,0.70793,0.77126,0.74416,0.47767,1.52592,1.48586,2.15126,5.3e-05,5.3e-05,5.3e-05
297,4363.93,0.50434,0.49028,1.08018,0.69464,0.72727,0.7239,0.44664,1.56479,1.48239,2.16079,4.64e-05,4.64e-05,4.64e-05
298,4378.4,0.52568,0.52424,1.0674,0.65108,0.68182,0.67674,0.44002,1.63965,1.49391,2.25275,3.98e-05,3.98e-05,3.98e-05
299,4392.9,0.47669,0.45859,1.03167,0.69627,0.68182,0.69307,0.45562,1.5561,1.50226,2.17185,3.32e-05,3.32e-05,3.32e-05
300,4407.45,0.4973,0.46422,1.05346,0.67388,0.68182,0.70864,0.45359,1.56769,1.49123,2.21637,2.66e-05,2.66e-05,2.66e-05
